swatch,axis,angle_deg,tx,rx,range_m,power_db,delta_power_db_vs_baseline,phase_deg,phase_shift_vs_baseline_deg,snr_db,n_repeats,n_loops_total,coherence_within_file,coherence_across_repeats
asa,boresight,0.0,0,0,1.78,69.81,-1.18,-11.92,126.37,-13.69,3,1080,0.4535,0.9325
asa,boresight,0.0,0,1,1.78,69.4,-4.25,-120.8,13.19,-13.69,3,1080,0.4618,0.9899
asa,boresight,0.0,0,2,1.78,62.19,-9.72,-174.43,-32.9,-13.69,3,1080,0.375,0.5794
asa,boresight,0.0,0,3,1.78,59.69,-13.79,-147.02,-10.86,-13.69,3,1080,0.2011,0.8658
asa,boresight,0.0,1,0,1.78,67.87,-6.37,-67.29,64.49,-13.69,3,1080,0.3723,0.9421
asa,boresight,0.0,1,1,1.78,70.23,-3.45,-173.79,-26.56,-13.69,3,1080,0.5042,0.9225
asa,boresight,0.0,1,2,1.78,56.82,-14.2,78.08,-137.66,-13.69,3,1080,0.2203,0.5277
asa,boresight,0.0,1,3,1.78,70.57,-5.36,-91.66,43.49,-13.69,3,1080,0.4982,0.9688
asa,boresight,0.0,2,0,1.78,56.94,-14.65,177.22,-44.6,-13.69,3,1080,0.3599,0.3028
asa,boresight,0.0,2,1,1.78,59.14,-10.0,43.26,-149.46,-13.69,3,1080,0.2479,0.5766
asa,boresight,0.0,2,2,1.78,70.81,1.2,-70.14,82.94,-13.69,3,1080,0.5114,0.9967
asa,boresight,0.0,2,3,1.78,69.61,-4.79,-160.34,-11.63,-13.69,3,1080,0.5596,0.9183
asa_rect_1,boresight,0.0,0,0,1.78,65.8,-5.19,-77.97,60.32,-10.91,3,1080,0.3426,0.6702
asa_rect_1,boresight,0.0,0,1,1.78,72.87,-0.78,-120.26,13.72,-10.91,3,1080,0.5933,0.9799
asa_rect_1,boresight,0.0,0,2,1.78,67.39,-4.52,152.81,-65.66,-10.91,3,1080,0.5763,0.5651
asa_rect_1,boresight,0.0,0,3,1.78,65.26,-8.22,-109.68,26.48,-10.91,3,1080,0.2689,0.8554
asa_rect_1,boresight,0.0,1,0,1.78,66.61,-7.63,-144.08,-12.29,-10.91,3,1080,0.4043,0.9972
asa_rect_1,boresight,0.0,1,1,1.78,67.04,-6.65,160.34,-52.44,-10.91,3,1080,0.4055,0.8195
asa_rect_1,boresight,0.0,1,2,1.78,58.61,-12.41,161.77,-53.98,-10.91,3,1080,0.2169,0.6463
asa_rect_1,boresight,0.0,1,3,1.78,66.66,-9.28,-160.6,-25.45,-10.91,3,1080,0.425,0.7412
asa_rect_1,boresight,0.0,2,0,1.78,61.33,-10.26,-101.02,37.16,-10.91,3,1080,0.2481,0.6265
asa_rect_1,boresight,0.0,2,1,1.78,68.55,-0.59,-65.61,101.67,-10.91,3,1080,0.4826,0.7473
asa_rect_1,boresight,0.0,2,2,1.78,75.11,5.5,-117.89,35.19,-10.91,3,1080,0.7264,0.9992
asa_rect_1,boresight,0.0,2,3,1.78,67.13,-7.27,-145.57,3.14,-10.91,3,1080,0.342,0.9558
asa_rect_90offset,boresight,0.0,0,0,1.78,68.37,-2.62,-80.16,58.13,-12.83,3,1080,0.45,0.9253
asa_rect_90offset,boresight,0.0,0,1,1.78,61.58,-12.07,144.98,-81.03,-12.83,3,1080,0.4154,0.3632
asa_rect_90offset,boresight,0.0,0,2,1.78,56.91,-15.0,1.04,142.57,-12.83,3,1080,0.3954,0.2594
asa_rect_90offset,boresight,0.0,0,3,1.78,54.87,-18.61,-75.69,60.47,-12.83,3,1080,0.3541,0.2387
asa_rect_90offset,boresight,0.0,1,0,1.78,62.48,-11.76,78.34,-149.88,-12.83,3,1080,0.424,0.4376
asa_rect_90offset,boresight,0.0,1,1,1.78,63.46,-10.22,31.78,179.01,-12.83,3,1080,0.4422,0.5693
asa_rect_90offset,boresight,0.0,1,2,1.78,53.46,-17.57,-109.17,35.08,-12.83,3,1080,0.3426,0.1818
asa_rect_90offset,boresight,0.0,1,3,1.78,63.2,-12.73,-17.03,118.13,-12.83,3,1080,0.4248,0.4642
asa_rect_90offset,boresight,0.0,2,0,1.78,62.89,-8.7,13.32,151.5,-12.83,3,1080,0.3791,0.5794
asa_rect_90offset,boresight,0.0,2,1,1.78,71.99,2.86,-78.24,89.04,-12.83,3,1080,0.5724,0.9677
asa_rect_90offset,boresight,0.0,2,2,1.78,68.67,-0.94,-154.18,-1.1,-12.83,3,1080,0.398,0.9531
asa_rect_90offset,boresight,0.0,2,3,1.78,68.06,-6.34,34.07,-177.22,-12.83,3,1080,0.5135,0.8341
asa_rect_90offset_run_2,boresight,0.0,0,0,1.78,58.68,-12.31,-150.82,-12.53,-9.61,3,1080,0.3329,0.3388
asa_rect_90offset_run_2,boresight,0.0,0,1,1.78,63.15,-10.5,8.32,142.31,-9.61,3,1080,0.3891,0.4903
asa_rect_90offset_run_2,boresight,0.0,0,2,1.78,65.32,-6.59,-98.18,43.34,-9.61,3,1080,0.3379,0.8025
asa_rect_90offset_run_2,boresight,0.0,0,3,1.78,70.27,-3.21,166.88,-56.96,-9.61,3,1080,0.4079,0.9512
asa_rect_90offset_run_2,boresight,0.0,1,0,1.78,73.69,-0.55,30.7,162.49,-9.61,3,1080,0.6784,0.8126
asa_rect_90offset_run_2,boresight,0.0,1,1,1.78,73.56,-0.13,-87.23,59.99,-9.61,3,1080,0.5426,0.9817
asa_rect_90offset_run_2,boresight,0.0,1,2,1.78,70.34,-0.69,146.03,-69.71,-9.61,3,1080,0.4512,0.8483
asa_rect_90offset_run_2,boresight,0.0,1,3,1.78,69.11,-6.82,35.34,170.49,-9.61,3,1080,0.46,0.7599
asa_rect_90offset_run_2,boresight,0.0,2,0,1.78,72.6,1.01,-98.14,40.05,-9.61,3,1080,0.5509,0.9584
asa_rect_90offset_run_2,boresight,0.0,2,1,1.78,65.9,-3.23,156.26,-36.46,-9.61,3,1080,0.3352,0.838
asa_rect_90offset_run_2,boresight,0.0,2,2,1.78,71.13,1.52,14.98,168.06,-9.61,3,1080,0.6132,0.8439
asa_rect_90offset_run_2,boresight,0.0,2,3,1.78,71.49,-2.91,-85.2,63.51,-9.61,3,1080,0.5501,0.944
asa_rect_run_2,boresight,0.0,0,0,1.78,67.02,-3.97,-37.78,100.51,-12.58,3,1080,0.4084,0.9489
asa_rect_run_2,boresight,0.0,0,1,1.78,72.72,-0.93,-135.57,-1.58,-12.58,3,1080,0.6902,0.9847
asa_rect_run_2,boresight,0.0,0,2,1.78,63.99,-7.92,136.11,-82.36,-12.58,3,1080,0.3867,0.6253
asa_rect_run_2,boresight,0.0,0,3,1.78,39.31,-34.17,153.13,-70.71,-12.58,3,1080,0.1579,0.0995
asa_rect_run_2,boresight,0.0,1,0,1.78,71.45,-2.79,-84.77,47.01,-12.58,3,1080,0.5662,0.9004
asa_rect_run_2,boresight,0.0,1,1,1.78,68.08,-5.61,147.74,-65.03,-12.58,3,1080,0.4279,0.9926
asa_rect_run_2,boresight,0.0,1,2,1.78,57.79,-13.24,-88.88,55.38,-12.58,3,1080,0.1871,0.79
asa_rect_run_2,boresight,0.0,1,3,1.78,68.17,-7.77,-110.64,24.51,-12.58,3,1080,0.4655,0.9116
asa_rect_run_2,boresight,0.0,2,0,1.78,66.36,-5.23,51.42,-170.39,-12.58,3,1080,0.3285,0.8551
asa_rect_run_2,boresight,0.0,2,1,1.78,68.69,-0.44,-79.44,87.84,-12.58,3,1080,0.4136,0.9282
asa_rect_run_2,boresight,0.0,2,2,1.78,71.02,1.41,-106.81,46.27,-12.58,3,1080,0.4747,0.9959
asa_rect_run_2,boresight,0.0,2,3,1.78,66.85,-7.56,-154.58,-5.87,-12.58,3,1080,0.4354,0.8618
asa_stock_run_2,boresight,0.0,0,0,1.78,71.98,0.99,22.83,161.12,-10.39,3,1080,0.509,0.875
asa_stock_run_2,boresight,0.0,0,1,1.78,68.68,-4.97,-90.54,43.45,-10.39,3,1080,0.4269,0.8061
asa_stock_run_2,boresight,0.0,0,2,1.78,48.26,-23.65,-54.28,87.25,-10.39,3,1080,0.185,0.2139
asa_stock_run_2,boresight,0.0,0,3,1.78,64.66,-8.82,79.71,-144.13,-10.39,3,1080,0.3496,0.6918
asa_stock_run_2,boresight,0.0,1,0,1.78,71.08,-3.16,-51.95,79.84,-10.39,3,1080,0.464,0.9862
asa_stock_run_2,boresight,0.0,1,1,1.78,74.12,0.44,168.27,-44.5,-10.39,3,1080,0.5647,0.9978
asa_stock_run_2,boresight,0.0,1,2,1.78,69.86,-1.17,48.96,-166.79,-10.39,3,1080,0.4535,0.9555
asa_stock_run_2,boresight,0.0,1,3,1.78,67.58,-8.35,-79.04,56.12,-10.39,3,1080,0.3144,0.964
asa_stock_run_2,boresight,0.0,2,0,1.78,56.34,-15.25,150.33,-71.49,-10.39,3,1080,0.1975,0.5154
asa_stock_run_2,boresight,0.0,2,1,1.78,65.83,-3.3,74.34,-118.38,-10.39,3,1080,0.2658,0.9823
asa_stock_run_2,boresight,0.0,2,2,1.78,72.7,3.09,-51.54,101.54,-10.39,3,1080,0.5412,0.9721
asa_stock_run_2,boresight,0.0,2,3,1.78,73.26,-1.14,178.27,-33.02,-10.39,3,1080,0.5811,0.9974
pc_rect,boresight,0.0,0,0,1.78,65.4,-5.6,5.05,143.34,-10.98,3,1080,0.4027,0.8204
pc_rect,boresight,0.0,0,1,1.78,68.32,-5.33,-53.37,80.62,-10.98,3,1080,0.4538,0.9341
pc_rect,boresight,0.0,0,2,1.78,65.95,-5.96,-97.56,43.97,-10.98,3,1080,0.4983,0.7393
pc_rect,boresight,0.0,0,3,1.78,58.54,-14.94,-53.27,82.89,-10.98,3,1080,0.4404,0.2974
pc_rect,boresight,0.0,1,0,1.78,72.18,-2.06,-47.17,84.61,-10.98,3,1080,0.7548,0.9998
pc_rect,boresight,0.0,1,1,1.78,65.7,-7.98,-98.2,49.03,-10.98,3,1080,0.5351,0.6035
pc_rect,boresight,0.0,1,2,1.78,63.08,-7.94,10.39,154.65,-10.98,3,1080,0.5406,0.458
pc_rect,boresight,0.0,1,3,1.78,70.59,-5.35,-41.92,93.23,-10.98,3,1080,0.5831,0.9938
pc_rect,boresight,0.0,2,0,1.78,69.61,-1.98,-90.37,47.81,-10.98,3,1080,0.6001,0.8729
pc_rect,boresight,0.0,2,1,1.78,63.3,-5.84,37.63,-155.09,-10.98,3,1080,0.5123,0.4326
pc_rect,boresight,0.0,2,2,1.78,73.1,3.49,-45.23,107.85,-10.98,3,1080,0.7226,0.9913
pc_rect,boresight,0.0,2,3,1.78,65.91,-8.49,-138.19,10.52,-10.98,3,1080,0.6158,0.5744
pc_rect_90offset,boresight,0.0,0,0,1.78,68.84,-2.15,50.1,-171.6,-9.15,3,1080,0.6198,0.6137
pc_rect_90offset,boresight,0.0,0,1,1.78,61.64,-12.01,-86.51,47.47,-9.15,3,1080,0.6143,0.3595
pc_rect_90offset,boresight,0.0,0,2,1.78,66.02,-5.89,-134.71,6.82,-9.15,3,1080,0.5424,0.6022
pc_rect_90offset,boresight,0.0,0,3,1.78,58.17,-15.31,117.13,-106.71,-9.15,3,1080,0.5654,0.2059
pc_rect_90offset,boresight,0.0,1,0,1.78,68.24,-6.0,-14.48,117.3,-9.15,3,1080,0.4981,0.829
pc_rect_90offset,boresight,0.0,1,1,1.78,72.83,-0.85,-158.88,-11.65,-9.15,3,1080,0.5772,0.9761
pc_rect_90offset,boresight,0.0,1,2,1.78,67.27,-3.76,119.33,-96.41,-9.15,3,1080,0.3726,0.9935
pc_rect_90offset,boresight,0.0,1,3,1.78,68.65,-7.29,-9.33,125.82,-9.15,3,1080,0.6143,0.7568
pc_rect_90offset,boresight,0.0,2,0,1.78,65.62,-5.97,-126.32,11.86,-9.15,3,1080,0.6352,0.5041
pc_rect_90offset,boresight,0.0,2,1,1.78,68.09,-1.05,112.65,-80.07,-9.15,3,1080,0.415,0.9282
pc_rect_90offset,boresight,0.0,2,2,1.78,71.82,2.21,-41.2,111.88,-9.15,3,1080,0.5937,0.9571
pc_rect_90offset,boresight,0.0,2,3,1.78,73.03,-1.37,-154.1,-5.39,-9.15,3,1080,0.7347,0.9965
pc_stock,boresight,0.0,0,0,1.78,61.94,-9.05,167.34,-54.37,-16.37,3,1080,0.3123,0.9578
pc_stock,boresight,0.0,0,1,1.78,56.52,-17.13,127.82,-98.2,-16.37,3,1080,0.3126,0.4825
pc_stock,boresight,0.0,0,2,1.78,62.16,-9.75,-47.42,94.11,-16.37,3,1080,0.2851,0.9075
pc_stock,boresight,0.0,0,3,1.78,62.45,-11.03,163.25,-60.59,-16.37,3,1080,0.356,0.8554
pc_stock,boresight,0.0,1,0,1.78,64.88,-9.36,59.25,-168.96,-16.37,3,1080,0.4018,0.9495
pc_stock,boresight,0.0,1,1,1.78,64.89,-8.79,-84.73,62.5,-16.37,3,1080,0.4232,0.9835
pc_stock,boresight,0.0,1,2,1.78,55.92,-15.11,-179.88,-35.62,-16.37,3,1080,0.1995,0.8098
pc_stock,boresight,0.0,1,3,1.78,60.27,-15.66,42.69,177.84,-16.37,3,1080,0.2619,0.998
pc_stock,boresight,0.0,2,0,1.78,61.83,-9.76,-98.72,39.46,-16.37,3,1080,0.371,0.9424
pc_stock,boresight,0.0,2,1,1.78,60.53,-8.6,-164.38,2.9,-16.37,3,1080,0.2569,0.9693
pc_stock,boresight,0.0,2,2,1.78,60.14,-9.47,42.49,-164.43,-16.37,3,1080,0.2694,0.7384
pc_stock,boresight,0.0,2,3,1.78,58.44,-15.96,-81.71,67.0,-16.37,3,1080,0.2192,0.8998
pc_stock_run_2,boresight,0.0,0,0,1.78,61.74,-9.25,179.43,-42.28,-14.98,3,1080,0.359,0.8939
pc_stock_run_2,boresight,0.0,0,1,1.78,53.46,-20.19,16.65,150.63,-14.98,3,1080,0.2809,0.4338
pc_stock_run_2,boresight,0.0,0,2,1.78,66.55,-5.36,-68.59,72.94,-14.98,3,1080,0.44,0.9806
pc_stock_run_2,boresight,0.0,0,3,1.78,62.13,-11.35,176.01,-47.83,-14.98,3,1080,0.3331,0.9358
pc_stock_run_2,boresight,0.0,1,0,1.78,61.33,-12.91,33.31,165.1,-14.98,3,1080,0.3866,0.5976
pc_stock_run_2,boresight,0.0,1,1,1.78,65.38,-8.3,-70.86,76.36,-14.98,3,1080,0.4399,0.9966
pc_stock_run_2,boresight,0.0,1,2,1.78,51.6,-19.43,64.49,-151.26,-14.98,3,1080,0.4139,0.1905
pc_stock_run_2,boresight,0.0,1,3,1.78,63.83,-12.1,0.98,136.13,-14.98,3,1080,0.4842,0.7783
pc_stock_run_2,boresight,0.0,2,0,1.78,61.5,-10.09,-89.84,48.35,-14.98,3,1080,0.4602,0.7296
pc_stock_run_2,boresight,0.0,2,1,1.78,58.18,-10.96,-87.75,79.53,-14.98,3,1080,0.1791,0.942
pc_stock_run_2,boresight,0.0,2,2,1.78,61.55,-8.06,9.84,162.92,-14.98,3,1080,0.3717,0.6765
pc_stock_run_2,boresight,0.0,2,3,1.78,61.37,-13.03,-64.84,83.87,-14.98,3,1080,0.3182,0.9896
petg_rect_1,boresight,0.0,0,0,1.78,71.04,0.04,-30.51,107.78,-11.84,3,1080,0.4415,0.9114
petg_rect_1,boresight,0.0,0,1,1.78,69.02,-4.63,-170.65,-36.66,-11.84,3,1080,0.3389,0.9837
petg_rect_1,boresight,0.0,0,2,1.78,62.09,-9.82,73.6,-144.87,-11.84,3,1080,0.173,0.8824
petg_rect_1,boresight,0.0,0,3,1.78,66.5,-6.98,164.97,-58.88,-11.84,3,1080,0.2835,0.8276
petg_rect_1,boresight,0.0,1,0,1.78,66.52,-7.73,-28.76,103.02,-11.84,3,1080,0.2665,0.8542
petg_rect_1,boresight,0.0,1,1,1.78,71.63,-2.05,123.99,-88.78,-11.84,3,1080,0.4323,0.9584
petg_rect_1,boresight,0.0,1,2,1.78,62.36,-8.67,33.29,177.55,-11.84,3,1080,0.3352,0.5014
petg_rect_1,boresight,0.0,1,3,1.78,62.26,-13.67,-85.35,49.81,-11.84,3,1080,0.2218,0.7013
petg_rect_1,boresight,0.0,2,0,1.78,68.26,-3.33,30.46,168.65,-11.84,3,1080,0.3347,0.7739
petg_rect_1,boresight,0.0,2,1,1.78,67.28,-1.85,17.99,-174.73,-11.84,3,1080,0.2712,0.9593
petg_rect_1,boresight,0.0,2,2,1.78,69.01,-0.6,-46.34,106.74,-11.84,3,1080,0.3688,0.9474
petg_rect_1,boresight,0.0,2,3,1.78,67.9,-6.5,149.75,-61.54,-11.84,3,1080,0.3382,0.9771
petg_rect_1_run_2,boresight,0.0,0,0,1.78,67.16,-3.83,-77.47,60.82,-10.72,3,1080,0.2681,0.988
petg_rect_1_run_2,boresight,0.0,0,1,1.78,63.83,-9.82,-165.53,-31.55,-10.72,3,1080,0.5475,0.3954
petg_rect_1_run_2,boresight,0.0,0,2,1.78,63.85,-8.06,23.2,164.73,-10.72,3,1080,0.3575,0.5456
petg_rect_1_run_2,boresight,0.0,0,3,1.78,54.38,-19.1,114.93,-108.91,-10.72,3,1080,0.4721,0.1196
petg_rect_1_run_2,boresight,0.0,1,0,1.78,68.49,-5.76,-71.51,60.28,-10.72,3,1080,0.4751,0.6027
petg_rect_1_run_2,boresight,0.0,1,1,1.78,66.02,-7.66,-172.67,-25.45,-10.72,3,1080,0.2474,0.9963
petg_rect_1_run_2,boresight,0.0,1,2,1.78,67.66,-3.37,47.56,-168.19,-10.72,3,1080,0.3489,0.9795
petg_rect_1_run_2,boresight,0.0,1,3,1.78,64.22,-11.72,-79.64,55.51,-10.72,3,1080,0.2375,0.7884
petg_rect_1_run_2,boresight,0.0,2,0,1.78,62.4,-9.19,37.01,175.19,-10.72,3,1080,0.4863,0.2762
petg_rect_1_run_2,boresight,0.0,2,1,1.78,53.89,-15.24,24.12,-168.6,-10.72,3,1080,0.3205,0.2307
petg_rect_1_run_2,boresight,0.0,2,2,1.78,69.91,0.3,-60.57,92.51,-10.72,3,1080,0.4348,0.9405
petg_rect_1_run_2,boresight,0.0,2,3,1.78,65.55,-8.85,130.95,-80.34,-10.72,3,1080,0.245,0.9262
petg_rect_2,boresight,0.0,0,0,1.78,69.81,-1.18,123.37,-98.34,-8.24,3,1080,0.5354,0.8192
petg_rect_2,boresight,0.0,0,1,1.78,61.33,-12.32,-56.86,77.12,-8.24,3,1080,0.3543,0.4207
petg_rect_2,boresight,0.0,0,2,1.78,66.9,-5.01,117.96,-100.51,-8.24,3,1080,0.4674,0.7488
petg_rect_2,boresight,0.0,0,3,1.78,71.39,-2.09,69.58,-154.26,-8.24,3,1080,0.532,0.9026
petg_rect_2,boresight,0.0,1,0,1.78,61.66,-12.58,24.21,155.99,-8.24,3,1080,0.4619,0.4077
petg_rect_2,boresight,0.0,1,1,1.78,60.42,-13.27,176.11,-36.66,-8.24,3,1080,0.3833,0.4094
petg_rect_2,boresight,0.0,1,2,1.78,73.7,2.67,63.23,-152.52,-8.24,3,1080,0.6812,0.9942
petg_rect_2,boresight,0.0,1,3,1.78,67.84,-8.09,-9.41,125.74,-8.24,3,1080,0.4381,0.7912
petg_rect_2,boresight,0.0,2,0,1.78,71.87,0.28,140.56,-81.26,-8.24,3,1080,0.5617,0.819
petg_rect_2,boresight,0.0,2,1,1.78,71.49,2.35,31.95,-160.77,-8.24,3,1080,0.5812,0.9726
petg_rect_2,boresight,0.0,2,2,1.78,68.23,-1.38,16.75,169.83,-8.24,3,1080,0.4276,0.8058
petg_rect_2,boresight,0.0,2,3,1.78,68.1,-6.3,143.65,-67.64,-8.24,3,1080,0.4178,0.9615
petg_rect_2_90offset,boresight,0.0,0,0,1.78,64.03,-6.96,-127.66,10.63,-7.46,3,1080,0.4926,0.5529
petg_rect_2_90offset,boresight,0.0,0,1,1.78,70.91,-2.75,-132.25,1.73,-7.46,3,1080,0.6738,0.9008
petg_rect_2_90offset,boresight,0.0,0,2,1.78,66.27,-5.64,176.41,-42.06,-7.46,3,1080,0.6604,0.5954
petg_rect_2_90offset,boresight,0.0,0,3,1.78,56.63,-16.85,-136.88,-0.72,-7.46,3,1080,0.4822,0.2638
petg_rect_2_90offset,boresight,0.0,1,0,1.78,61.05,-13.19,-177.7,-45.91,-7.46,3,1080,0.5574,0.5302
petg_rect_2_90offset,boresight,0.0,1,1,1.78,67.68,-6.0,107.82,-104.96,-7.46,3,1080,0.592,0.7088
petg_rect_2_90offset,boresight,0.0,1,2,1.78,66.59,-4.44,75.57,-140.18,-7.46,3,1080,0.5077,0.8478
petg_rect_2_90offset,boresight,0.0,1,3,1.78,58.55,-17.38,113.93,-110.92,-7.46,3,1080,0.4714,0.4588
petg_rect_2_90offset,boresight,0.0,2,0,1.78,66.06,-5.53,-148.28,-10.1,-7.46,3,1080,0.6488,0.6344
petg_rect_2_90offset,boresight,0.0,2,1,1.78,60.29,-8.84,-113.93,53.35,-7.46,3,1080,0.5205,0.3494
petg_rect_2_90offset,boresight,0.0,2,2,1.78,64.57,-5.04,-99.59,53.49,-7.46,3,1080,0.5332,0.5695
petg_rect_2_90offset,boresight,0.0,2,3,1.78,66.64,-7.76,176.25,-35.04,-7.46,3,1080,0.6538,0.6219
petg_rect_2_run_2,boresight,0.0,0,0,1.78,66.53,-4.46,4.83,143.12,-11.96,3,1080,0.333,0.7154
petg_rect_2_run_2,boresight,0.0,0,1,1.78,63.86,-9.79,-125.63,8.35,-11.96,3,1080,0.3656,0.6762
petg_rect_2_run_2,boresight,0.0,0,2,1.78,60.35,-11.56,115.66,-102.81,-11.96,3,1080,0.2651,0.6062
petg_rect_2_run_2,boresight,0.0,0,3,1.78,60.44,-13.04,163.36,-60.48,-11.96,3,1080,0.2622,0.5859
petg_rect_2_run_2,boresight,0.0,1,0,1.78,60.26,-13.98,-51.8,79.99,-11.96,3,1080,0.3519,0.5335
petg_rect_2_run_2,boresight,0.0,1,1,1.78,67.99,-5.69,170.35,-42.42,-11.96,3,1080,0.3637,0.9463
petg_rect_2_run_2,boresight,0.0,1,2,1.78,64.66,-6.37,71.25,-144.49,-11.96,3,1080,0.2691,0.9134
petg_rect_2_run_2,boresight,0.0,1,3,1.78,54.42,-21.51,-148.6,-13.44,-11.96,3,1080,0.2253,0.3482
petg_rect_2_run_2,boresight,0.0,2,0,1.78,61.18,-10.41,3.38,141.57,-11.96,3,1080,0.296,0.4477
petg_rect_2_run_2,boresight,0.0,2,1,1.78,66.34,-2.79,56.35,-136.37,-11.96,3,1080,0.3729,0.766
petg_rect_2_run_2,boresight,0.0,2,2,1.78,71.2,1.59,-29.47,123.61,-11.96,3,1080,0.5202,0.8924
petg_rect_2_run_2,boresight,0.0,2,3,1.78,69.45,-4.95,175.81,-35.48,-11.96,3,1080,0.4493,0.9469
petg_rect_3,boresight,0.0,0,0,1.78,59.36,-11.63,2.33,140.62,-13.55,3,1080,0.3616,0.6248
petg_rect_3,boresight,0.0,0,1,1.78,65.15,-8.5,-119.68,14.3,-13.55,3,1080,0.4636,0.966
petg_rect_3,boresight,0.0,0,2,1.78,54.96,-16.95,34.86,176.39,-13.55,3,1080,0.4791,0.3003
petg_rect_3,boresight,0.0,0,3,1.78,64.55,-8.93,-119.0,17.16,-13.55,3,1080,0.4523,0.8352
petg_rect_3,boresight,0.0,1,0,1.78,62.55,-11.69,3.19,134.97,-13.55,3,1080,0.5116,0.5946
petg_rect_3,boresight,0.0,1,1,1.78,65.82,-7.86,-82.89,64.34,-13.55,3,1080,0.5594,0.9228
petg_rect_3,boresight,0.0,1,2,1.78,50.0,-21.03,10.32,154.58,-13.55,3,1080,0.2788,0.4096
petg_rect_3,boresight,0.0,1,3,1.78,67.2,-8.73,-110.89,24.26,-13.55,3,1080,0.5318,0.9995
petg_rect_3,boresight,0.0,2,0,1.78,65.41,-6.18,-72.25,65.94,-13.55,3,1080,0.4835,0.8977
petg_rect_3,boresight,0.0,2,1,1.78,59.67,-9.46,175.88,-16.84,-13.55,3,1080,0.2432,0.9325
petg_rect_3,boresight,0.0,2,2,1.78,62.14,-7.47,22.02,175.1,-13.55,3,1080,0.3645,0.803
petg_rect_3,boresight,0.0,2,3,1.78,64.77,-9.63,-137.33,11.38,-13.55,3,1080,0.5896,0.7522
petg_rect_3_run_2,boresight,0.0,0,0,1.78,67.94,-3.05,-7.88,130.42,-12.79,3,1080,0.5113,0.9077
petg_rect_3_run_2,boresight,0.0,0,1,1.78,67.5,-6.15,-112.56,21.43,-12.79,3,1080,0.5284,0.8684
petg_rect_3_run_2,boresight,0.0,0,2,1.78,57.69,-14.22,-51.93,89.6,-12.79,3,1080,0.2471,0.6664
petg_rect_3_run_2,boresight,0.0,0,3,1.78,60.87,-12.61,-128.92,7.24,-12.79,3,1080,0.3856,0.6328
petg_rect_3_run_2,boresight,0.0,1,0,1.78,66.58,-7.66,-34.04,97.75,-12.79,3,1080,0.5079,0.9451
petg_rect_3_run_2,boresight,0.0,1,1,1.78,67.81,-5.88,-149.4,-2.18,-12.79,3,1080,0.4562,0.9216
petg_rect_3_run_2,boresight,0.0,1,2,1.78,56.46,-14.57,81.31,-134.43,-12.79,3,1080,0.2182,0.649
petg_rect_3_run_2,boresight,0.0,1,3,1.78,64.87,-11.07,-114.87,20.29,-12.79,3,1080,0.4584,0.9554
petg_rect_3_run_2,boresight,0.0,2,0,1.78,64.67,-6.92,-53.1,85.08,-12.79,3,1080,0.3338,0.9827
petg_rect_3_run_2,boresight,0.0,2,1,1.78,60.06,-9.07,142.25,-50.47,-12.79,3,1080,0.2484,0.8046
petg_rect_3_run_2,boresight,0.0,2,2,1.78,68.48,-1.13,-51.85,101.23,-12.79,3,1080,0.4926,0.9773
petg_rect_3_run_2,boresight,0.0,2,3,1.78,65.15,-9.26,-134.49,14.22,-12.79,3,1080,0.3797,0.9066
petg_stock_1,boresight,0.0,0,0,1.78,67.18,-3.81,1.03,139.32,-12.44,3,1080,0.4404,0.745
petg_stock_1,boresight,0.0,0,1,1.78,62.18,-11.47,-121.74,12.25,-12.44,3,1080,0.3422,0.5394
petg_stock_1,boresight,0.0,0,2,1.78,60.03,-11.87,21.93,163.46,-12.44,3,1080,0.3278,0.4566
petg_stock_1,boresight,0.0,0,3,1.78,65.03,-8.45,56.81,-167.03,-12.44,3,1080,0.361,0.6889
petg_stock_1,boresight,0.0,1,0,1.78,66.42,-7.83,-53.99,77.79,-12.44,3,1080,0.344,0.9807
petg_stock_1,boresight,0.0,1,1,1.78,68.0,-5.68,120.9,-91.87,-12.44,3,1080,0.4191,0.8531
petg_stock_1,boresight,0.0,1,2,1.78,69.62,-1.41,26.23,170.48,-12.44,3,1080,0.4613,0.9977
petg_stock_1,boresight,0.0,1,3,1.78,68.68,-7.26,-72.23,62.92,-12.44,3,1080,0.4593,0.9716
petg_stock_1,boresight,0.0,2,0,1.78,60.89,-10.7,49.25,-172.57,-12.44,3,1080,0.3731,0.4404
petg_stock_1,boresight,0.0,2,1,1.78,61.13,-8.0,23.14,-169.58,-12.44,3,1080,0.3082,0.609
petg_stock_1,boresight,0.0,2,2,1.78,70.07,0.46,-70.71,82.37,-12.44,3,1080,0.47,0.9998
petg_stock_1,boresight,0.0,2,3,1.78,68.74,-5.66,102.29,-109.0,-12.44,3,1080,0.4475,0.8759
petg_stock_1_run_2,boresight,0.0,0,0,1.78,51.6,-19.39,-11.32,126.97,-15.43,3,1080,0.158,0.4877
petg_stock_1_run_2,boresight,0.0,0,1,1.78,56.25,-17.4,124.41,-101.6,-15.43,3,1080,0.2421,0.4431
petg_stock_1_run_2,boresight,0.0,0,2,1.78,69.71,-2.2,70.44,-148.04,-15.43,3,1080,0.4755,0.8974
petg_stock_1_run_2,boresight,0.0,0,3,1.78,63.82,-9.66,-60.02,76.14,-15.43,3,1080,0.3497,0.8029
petg_stock_1_run_2,boresight,0.0,1,0,1.78,60.43,-13.81,16.99,148.78,-15.43,3,1080,0.273,0.6457
petg_stock_1_run_2,boresight,0.0,1,1,1.78,61.14,-12.54,59.74,-153.03,-15.43,3,1080,0.3451,0.6211
petg_stock_1_run_2,boresight,0.0,1,2,1.78,63.79,-7.23,39.65,-176.09,-15.43,3,1080,0.2831,0.8271
petg_stock_1_run_2,boresight,0.0,1,3,1.78,63.31,-12.63,66.46,-158.38,-15.43,3,1080,0.3798,0.669
petg_stock_1_run_2,boresight,0.0,2,0,1.78,66.53,-5.06,29.55,167.73,-15.43,3,1080,0.4042,0.9466
petg_stock_1_run_2,boresight,0.0,2,1,1.78,66.32,-2.82,-57.1,110.18,-15.43,3,1080,0.3393,0.9057
petg_stock_1_run_2,boresight,0.0,2,2,1.78,63.17,-6.44,-108.44,44.64,-15.43,3,1080,0.3162,0.7125
petg_stock_1_run_2,boresight,0.0,2,3,1.78,60.7,-13.7,75.15,-136.14,-15.43,3,1080,0.2884,0.5835
petg_stock_2,boresight,0.0,0,0,1.78,57.16,-13.83,-0.57,137.73,-18.02,3,1080,0.1901,0.7867
petg_stock_2,boresight,0.0,0,1,1.78,65.55,-8.1,-85.17,48.82,-18.02,3,1080,0.3783,0.9588
petg_stock_2,boresight,0.0,0,2,1.78,60.89,-11.02,133.82,-84.65,-18.02,3,1080,0.2572,0.8011
petg_stock_2,boresight,0.0,0,3,1.78,62.47,-11.01,13.76,149.92,-18.02,3,1080,0.2763,0.8811
petg_stock_2,boresight,0.0,1,0,1.78,61.03,-13.21,-83.78,48.0,-18.02,3,1080,0.2918,0.841
petg_stock_2,boresight,0.0,1,1,1.78,58.23,-15.45,130.29,-82.49,-18.02,3,1080,0.2173,0.7608
petg_stock_2,boresight,0.0,1,2,1.78,60.53,-10.5,45.93,-169.82,-18.02,3,1080,0.2785,0.684
petg_stock_2,boresight,0.0,1,3,1.78,58.88,-17.06,-78.32,56.83,-18.02,3,1080,0.2621,0.7162
petg_stock_2,boresight,0.0,2,0,1.78,61.06,-10.53,120.84,-100.98,-18.02,3,1080,0.2646,0.7811
petg_stock_2,boresight,0.0,2,1,1.78,64.0,-5.13,16.26,-176.46,-18.02,3,1080,0.3321,0.9675
petg_stock_2,boresight,0.0,2,2,1.78,59.79,-9.82,-79.54,73.55,-18.02,3,1080,0.2948,0.6128
petg_stock_2,boresight,0.0,2,3,1.78,58.38,-16.03,176.35,-34.94,-18.02,3,1080,0.2408,0.7731
petg_stock_2_run_2,boresight,0.0,0,0,1.78,65.84,-5.15,-9.61,128.68,-10.13,3,1080,0.2899,0.9264
petg_stock_2_run_2,boresight,0.0,0,1,1.78,64.85,-8.81,-144.4,-10.41,-10.13,3,1080,0.3065,0.8331
petg_stock_2_run_2,boresight,0.0,0,2,1.78,47.21,-24.69,26.08,167.61,-10.13,3,1080,0.3637,0.0949
petg_stock_2_run_2,boresight,0.0,0,3,1.78,62.21,-11.27,-153.05,-16.89,-10.13,3,1080,0.2571,0.7973
petg_stock_2_run_2,boresight,0.0,1,0,1.78,66.5,-7.74,-29.92,101.87,-10.13,3,1080,0.3708,0.9689
petg_stock_2_run_2,boresight,0.0,1,1,1.78,69.54,-4.14,-153.25,-6.02,-10.13,3,1080,0.3824,0.9813
petg_stock_2_run_2,boresight,0.0,1,2,1.78,65.25,-5.78,96.53,-119.21,-10.13,3,1080,0.4059,0.6799
petg_stock_2_run_2,boresight,0.0,1,3,1.78,66.1,-9.83,-58.4,76.75,-10.13,3,1080,0.4627,0.6652
petg_stock_2_run_2,boresight,0.0,2,0,1.78,65.56,-6.03,-65.92,72.27,-10.13,3,1080,0.4667,0.5901
petg_stock_2_run_2,boresight,0.0,2,1,1.78,66.32,-2.82,91.74,-100.98,-10.13,3,1080,0.399,0.7578
petg_stock_2_run_2,boresight,0.0,2,2,1.78,71.32,1.71,-48.66,104.42,-10.13,3,1080,0.5173,0.9572
petg_stock_2_run_2,boresight,0.0,2,3,1.78,71.45,-2.95,-160.35,-11.64,-10.13,3,1080,0.5826,0.9922
